{
    "data": {
      "Meanf-liq_T=6000_p=323-Fe4O1":
      {
        "press": 323
      },
      "Gmix-liq_T=5500_p=323-0.04": 
      {
        "dlambda": -0.03454189039999961
      },
      "Gmix-liq_T=5500_p=323-0.08": 
      {
        "dlambda": -0.03948023679999968
      },
      "Gmix-liq_T=5500_p=323-0.12": 
      {
        "dlambda": -0.033601883199999905
      },
      "Gmix-liq_T=5500_p=323-0.16": 
      {
        "dlambda": -0.019055831600000017
      }
    }
  }